"Time_Iter","Outer_Iter","Inner_Iter",     "rms[P]"     ,     "rms[U]"     ,     "rms[V]"     ,     "rms[k]"     ,     "rms[w]"     
          0,           0,           0,      -18.75320643,      -18.75320643,               -32,      -6.096435611,      -3.623792783
          0,           0,           1,      -12.95473802,      -2.825169287,       -7.50157426,      -5.325719746,      0.1699827022
          0,           0,           2,      -4.563125917,      -3.813035784,      -4.496289814,        -5.8205927,     0.01371358117
          0,           0,           3,      -4.764727907,       -3.99351683,      -4.571792378,      -6.066930541,     -0.5803111303
          0,           0,           4,      -4.652816413,      -4.150163524,      -4.408483053,      -6.269550993,      -1.234895127
          0,           0,           5,      -4.605804829,      -4.279935573,      -4.336355105,       -6.26942446,       -1.65978917
          0,           0,           6,      -4.599144463,      -4.371067678,      -4.335659965,      -6.238518171,      -1.893904609
          0,           0,           7,      -4.591670762,      -4.423019432,      -4.344579537,      -6.312232288,      -2.193511704
          0,           0,           8,      -4.680520137,      -4.509277098,      -4.464699993,      -6.503172437,      -2.626735311
          0,           0,           9,      -4.782112857,      -4.607875511,      -4.571096882,      -6.722301969,      -3.122803081
          0,           0,          10,      -4.871559178,      -4.691620197,      -4.625563569,      -6.840701554,      -3.109567758
          0,           0,          11,      -4.910295965,      -4.711793629,       -4.62412405,      -6.899177616,      -3.128538506
          0,           0,          12,      -4.958708295,      -4.738587679,      -4.655827691,        -6.9806909,      -3.138471987
          0,           0,          13,      -4.980472443,      -4.810927129,      -4.658811985,      -7.149006363,      -3.186374079
          0,           0,          14,      -5.001852248,      -4.841436045,      -4.681307082,       -7.22453289,      -3.168503862
          0,           0,          15,       -5.04557688,      -4.875277363,      -4.738724346,      -7.254550899,       -3.25447118
          0,           0,          16,       -5.06871358,      -4.984972717,      -4.745641401,      -7.264419769,      -3.258747571
          0,           0,          17,      -5.070845574,      -4.941604906,       -4.75983623,      -7.383218941,      -3.273115033
          0,           0,          18,      -5.048159061,       -5.01110648,      -4.724793284,      -7.386935567,      -3.237997468
          0,           0,          19,      -5.059444813,      -4.989089768,      -4.743765896,       -7.42288644,      -3.299575652
          0,           0,          20,       -5.07075591,      -5.018401347,      -4.751003787,      -7.404735638,      -3.307849353
          0,           0,          21,      -5.156143179,       -4.94192872,       -4.88304327,      -7.476835318,      -3.355558364
          0,           0,          22,        -5.1800758,      -5.143014514,      -4.869039495,      -7.531360274,      -3.416648638
          0,           0,          23,      -5.208090234,      -5.128008942,       -4.89823347,      -7.528869511,      -3.409052419
          0,           0,          24,      -5.199132412,      -5.177819734,      -4.877937587,      -7.557153561,      -3.436300372
          0,           0,          25,      -5.289237008,      -5.113893487,      -5.004388138,      -7.565366706,         -3.442819
          0,           0,          26,      -5.303262737,      -5.267439067,      -4.992177061,       -7.73738485,      -3.625618114
          0,           0,          27,      -5.384700388,      -5.250773164,       -5.08899373,      -7.709298749,      -3.572621086
          0,           0,          28,      -5.389345494,      -5.293660002,      -5.084760422,      -7.790828968,      -3.666504193
          0,           0,          29,      -5.404812072,      -5.361150471,      -5.087864226,      -7.718688577,      -3.607864143
          0,           0,          30,      -5.414154436,      -5.352473005,      -5.099147203,       -7.77085069,      -3.641035395
          0,           0,          31,      -5.413149971,      -5.378376798,       -5.09212343,      -7.752079397,      -3.614865718
          0,           0,          32,       -5.44555282,      -5.341851058,      -5.138564037,      -7.760621254,      -3.627351845
          0,           0,          33,       -5.44409304,      -5.419826499,      -5.124874042,      -7.790488798,      -3.656795225
          0,           0,          34,       -5.45733381,      -5.379792321,      -5.143940016,      -7.754376004,      -3.628979143
          0,           0,          35,      -5.452492856,      -5.401493833,       -5.13599889,      -7.804219964,      -3.659356431
          0,           0,          36,      -5.461281225,      -5.411998476,      -5.143024664,      -7.751294084,      -3.622579335
          0,           0,          37,       -5.46095259,      -5.404446178,      -5.145434351,      -7.812473053,      -3.667960165
          0,           0,          38,      -5.471972919,      -5.418023972,       -5.15502753,      -7.762355651,      -3.633404746
          0,           0,          39,      -5.501754135,      -5.388832537,      -5.199595112,      -7.840771623,      -3.695505065
          0,           0,          40,      -5.508688741,      -5.480664358,      -5.190087573,      -7.804919847,      -3.677267268
          0,           0,          41,      -5.537583079,      -5.418231328,      -5.236200905,      -7.864009289,      -3.725808398
          0,           0,          42,      -5.536984907,      -5.515422797,      -5.217631136,      -7.839776569,      -3.714774796
          0,           0,          43,      -5.583104072,      -5.447865885,       -5.28637494,       -7.89808492,      -3.764346908
          0,           0,          44,      -5.583772502,      -5.567180246,      -5.264721652,      -7.908478688,      -3.778419469
          0,           0,          45,      -5.642680957,      -5.484897101,      -5.352137415,      -7.940701256,      -3.812074993
          0,           0,          46,      -5.641579578,      -5.624560863,      -5.324212961,      -7.979008726,      -3.852887484
          0,           0,          47,      -5.694450033,       -5.55587777,       -5.39764076,      -7.982135891,      -3.860560597
          0,           0,          48,      -5.689868441,      -5.665980882,      -5.372229539,      -8.049012162,      -3.914326564
          0,           0,          49,      -5.739079911,      -5.613510427,      -5.437437616,      -8.020416936,      -3.899037642
          0,           0,          50,       -5.74046507,       -5.69744229,      -5.425649833,      -8.110654935,      -3.971912879
          0,           0,          51,      -5.772357248,      -5.681616817,      -5.462121376,      -8.060342259,       -3.93682868
          0,           0,          52,      -5.780411084,      -5.710340139,      -5.468627151,      -8.141933225,      -3.998406275
          0,           0,          53,      -5.791368527,      -5.744123886,      -5.472820636,      -8.092581587,      -3.963298046
          0,           0,          54,      -5.803965353,      -5.720301186,      -5.492882871,      -8.142009905,      -4.000612013
          0,           0,          55,      -5.799662599,       -5.77610303,      -5.477690366,      -8.118847124,      -3.981677274
          0,           0,          56,      -5.823603602,      -5.722292882,      -5.515333026,      -8.135942329,      -3.996390318
          0,           0,          57,      -5.814117385,      -5.796859761,      -5.492293683,      -8.151181084,      -4.005867887
          0,           0,          58,      -5.841649691,      -5.737337032,      -5.533568604,      -8.131073511,      -3.997076892
          0,           0,          59,      -5.831057878,       -5.80233999,      -5.511821405,      -8.179782873,      -4.031443909
          0,           0,          60,      -5.861483792,      -5.761722357,      -5.552792677,      -8.136055795,      -4.007108162
          0,           0,          61,       -5.85688632,      -5.809182234,      -5.541451042,      -8.217919604,      -4.065159352
          0,           0,          62,      -5.889289506,      -5.794976472,      -5.579941045,      -8.157808317,      -4.030934286
          0,           0,          63,      -5.895120794,      -5.820299887,      -5.585517088,      -8.257904209,      -4.107230372
          0,           0,          64,      -5.923991638,       -5.84573124,       -5.61249432,      -8.193668702,      -4.070319863
          0,           0,          65,      -5.941644565,      -5.843012054,      -5.637137477,      -8.302652011,      -4.153221395
          0,           0,          66,      -5.964764214,      -5.904069492,      -5.650585899,      -8.243945724,      -4.119989997
          0,           0,          67,      -5.995381168,      -5.875343828,      -5.695647858,      -8.345222147,      -4.200115396
          0,           0,          68,      -6.009126329,      -5.968527241,      -5.692268472,      -8.304516638,      -4.179461344
          0,           0,          69,      -6.050432202,      -5.915270452,      -5.753608091,      -8.382169705,      -4.241902713
          0,           0,          70,      -6.054297667,      -6.031036428,      -5.735043991,      -8.372210338,      -4.241821478
          0,           0,          71,      -6.097654635,      -5.963481106,      -5.798752017,      -8.407618272,      -4.272766117
          0,           0,          72,      -6.092951167,      -6.074523723,      -5.772811254,      -8.434734007,      -4.296187911
          0,           0,          73,      -6.131495966,      -6.011376273,      -5.827376679,      -8.424201791,      -4.292189762
          0,           0,          74,      -6.125497488,      -6.094763279,      -5.806732266,      -8.484639479,      -4.336764221
          0,           0,          75,      -6.151909723,      -6.058414764,      -5.840859899,        -8.4366805,      -4.305150968
          0,           0,          76,      -6.150499594,      -6.094535411,      -5.835178966,      -8.510422955,      -4.358570543
          0,           0,          77,      -6.164007937,       -6.10246357,      -5.847085513,       -8.45306839,        -4.3188522
          0,           0,          78,      -6.174046164,      -6.090111703,      -5.863273186,        -8.5215673,       -4.36931257
          0,           0,          79,      -6.176140429,      -6.140872689,      -5.855670014,      -8.476440516,      -4.338358641
          0,           0,          80,      -6.199739283,      -6.090883377,      -5.893879225,      -8.525706353,      -4.378224736
          0,           0,          81,      -6.193547377,       -6.17486662,      -5.871889743,      -8.508313925,      -4.367488617
          0,           0,          82,      -6.229462776,      -6.103670879,      -5.927441695,      -8.533611731,      -4.391876798
          0,           0,          83,      -6.219421712,      -6.204725113,      -5.898362711,      -8.551356684,        -4.4065039
          0,           0,          84,      -6.264042959,      -6.129910014,      -5.964037122,      -8.548545926,      -4.413005581
          0,           0,          85,      -6.253556932,      -6.231837253,      -5.934577859,      -8.602009434,      -4.454505714
          0,           0,          86,      -6.302133707,      -6.168617443,      -6.001999923,       -8.57255611,      -4.442580461
          0,           0,          87,      -6.295857392,      -6.257594554,      -5.980106792,      -8.659879335,      -4.508955027
          0,           0,          88,      -6.342558314,      -6.220441023,      -6.039541275,      -8.606740856,      -4.480138505
          0,           0,          89,      -6.343302244,      -6.282340596,      -6.031544089,      -8.715836766,      -4.563326424
          0,           0,          90,      -6.381932971,      -6.282449059,      -6.073861018,      -8.650232328,      -4.524389858
          0,           0,          91,      -6.393552981,      -6.307328349,      -6.086077335,      -8.763353928,      -4.610335226
          0,           0,          92,      -6.418248407,      -6.349612193,        -6.1041245,      -8.700871934,      -4.572293379
          0,           0,          93,      -6.441469399,      -6.333372572,      -6.137447322,      -8.793627105,      -4.643421521
          0,           0,          94,      -6.449350656,      -6.411784055,      -6.130203555,      -8.753156062,      -4.619101933
          0,           0,          95,      -6.480555033,      -6.360748876,      -6.177543962,      -8.806532464,      -4.661212327
          0,           0,          96,      -6.475420636,      -6.456084592,      -6.153808035,      -8.802820381,      -4.660705295
          0,           0,          97,      -6.508607457,      -6.389420947,      -6.203894575,      -8.808856182,      -4.669033583
          0,           0,          98,      -6.497949309,      -6.476478423,       -6.17697689,      -8.845264248,       -4.69522612
          0,           0,          99,      -6.527984552,      -6.420594089,      -6.219819366,      -8.810566498,      -4.674909556
          0,           0,         100,      -6.520006697,      -6.479002555,      -6.202242665,      -8.879230129,      -4.723498925
          0,           0,         101,      -6.544190982,      -6.456106808,      -6.232053042,      -8.819987272,      -4.686285491
          0,           0,         102,      -6.545352965,      -6.476532191,      -6.232545448,      -8.904841678,      -4.747819383
          0,           0,         103,       -6.56223238,      -6.497106515,      -6.246512848,      -8.841447169,      -4.707965413
          0,           0,         104,      -6.577425229,      -6.479640684,      -6.270458833,      -8.927556563,      -4.772238572
          0,           0,         105,      -6.585850318,      -6.542832013,      -6.267375127,      -8.875232186,      -4.740719082
          0,           0,         106,      -6.615595792,      -6.493359231,      -6.314124807,      -8.948960794,      -4.798414914
          0,           0,         107,      -6.615981567,      -6.590578273,      -6.295887513,      -8.920445782,      -4.784130466
          0,           0,         108,      -6.658097433,      -6.519162192,      -6.360539857,      -8.971502045,      -4.826947469
          0,           0,         109,      -6.652570459,      -6.636527593,      -6.332038492,      -8.976363615,      -4.836207126
          0,           0,         110,      -6.701978115,      -6.556646548,       -6.40548075,      -8.995515391,      -4.857177805
          0,           0,         111,      -6.693405421,      -6.675434485,      -6.373776203,      -9.037955729,      -4.892601468
          0,           0,         112,      -6.743002219,      -6.603982041,      -6.443966371,       -9.02123517,      -4.887979609
          0,           0,         113,        -6.7357327,      -6.703385626,       -6.41836219,      -9.098499167,      -4.946917837
          0,           0,         114,      -6.777928116,      -6.658700675,      -6.473214688,      -9.049450225,      -4.918738988
          0,           0,         115,      -6.776447005,      -6.720203281,      -6.462559385,      -9.146855997,      -4.991018573
          0,           0,         116,       -6.80557197,      -6.717397059,      -6.493877774,      -9.082433369,      -4.950507997
          0,           0,         117,      -6.814743883,      -6.731132101,      -6.505053214,      -9.176764799,      -5.020215438
          0,           0,         118,       -6.82762182,      -6.773879774,      -6.509854496,      -9.118955199,       -4.98301128
          0,           0,         119,       -6.84886243,      -6.741971782,       -6.54294576,      -9.188792138,      -5.036190262
          0,           0,         120,      -6.847248071,      -6.820281464,      -6.525935261,      -9.157594162,      -5.016359166
          0,           0,         121,      -6.878340841,       -6.75739336,       -6.57462226,      -9.192156731,      -5.045532584
          0,           0,         122,      -6.868413002,      -6.852151409,      -6.546395843,      -9.199223019,      -5.051712682
          0,           0,         123,      -6.905103237,      -6.780559852,      -6.601560314,       -9.19548822,      -5.055204682
          0,           0,         124,      -6.893128754,      -6.870249586,      -6.572870985,      -9.242153792,      -5.089022012
          0,           0,         125,      -6.930678111,      -6.812328799,      -6.625436297,      -9.204897258,      -5.069946819
          0,           0,         126,      -6.922719663,      -6.880377049,      -6.606059362,      -9.284834968,      -5.127721138
          0,           0,         127,      -6.956919051,      -6.853210551,       -6.64857455,      -9.224468364,      -5.092780922
          0,           0,         128,      -6.957996833,      -6.889443105,      -6.646195402,      -9.324384031,       -5.16603168
          0,           0,         129,      -6.985255062,       -6.90315969,      -6.673016968,      -9.256315435,      -5.125515309
          0,           0,         130,      -6.999410579,      -6.903233596,      -6.693050315,      -9.359796366,      -5.202764732
          0,           0,         131,      -7.016438971,      -6.959365381,      -6.700290238,      -9.299094757,      -5.167060925
          0,           0,         132,      -7.044421934,      -6.924612248,      -6.742916427,       -9.38876357,      -5.235828389
          0,           0,         133,      -7.050013489,      -7.016348611,      -6.730769059,      -9.350605136,      -5.215249816
          0,           0,         134,      -7.088894873,      -6.954158622,      -6.790144407,       -9.41090259,      -5.263763233
          0,           0,         135,      -7.084912531,      -7.066101626,      -6.764052603,      -9.407743541,      -5.266622225
          0,           0,         136,      -7.128536415,       -6.99099832,      -6.829243162,      -9.427576839,      -5.286614077
          0,           0,         137,      -7.119270974,      -7.100434661,       -6.79876773,      -9.464452935,      -5.315950488
          0,           0,         138,      -7.160370481,      -7.033335891,      -6.857297235,      -9.442049125,      -5.305914879
          0,           0,         139,      -7.151912746,      -7.117195106,      -6.833806629,      -9.513544014,      -5.358200815
          0,           0,         140,      -7.184530942,      -7.079621197,      -6.875821819,      -9.458970247,      -5.325081412
          0,           0,         141,      -7.182987602,      -7.122074951,      -6.868951885,      -9.548456126,      -5.389893462
          0,           0,         142,       -7.20421508,      -7.128574665,      -6.889810241,      -9.483340511,      -5.348371362
          0,           0,         143,      -7.215109986,      -7.125351111,      -6.906098533,      -9.570198096,      -5.412526332
          0,           0,         144,      -7.223516128,      -7.177039922,      -6.904728353,      -9.515069853,      -5.377435295
          0,           0,         145,      -7.248277016,      -7.134042393,      -6.944022917,      -9.583099004,      -5.430008172
          0,           0,         146,      -7.245867539,      -7.221131968,      -6.924706506,      -9.554518943,      -5.413212236
          0,           0,         147,      -7.282259291,      -7.152017742,      -6.981279284,       -9.59346576,      -5.446748252
          0,           0,         148,       -7.27310159,      -7.257569705,      -6.951611917,      -9.601375115,       -5.45534184
          0,           0,         149,      -7.316611298,      -7.180560678,      -7.016573507,      -9.606063451,      -5.465899363
          0,           0,         150,      -7.305388153,      -7.284908158,      -6.985422969,      -9.653022094,      -5.501818339
          0,           0,         151,      -7.350221321,      -7.219175969,      -7.048503919,      -9.623865004,      -5.489174604
          0,           0,         152,      -7.341988383,      -7.304315015,      -7.025109652,      -9.705316056,      -5.549484351
          0,           0,         153,      -7.382360507,      -7.267095743,      -7.076689942,      -9.649182619,      -5.517739512
          0,           0,         154,      -7.381796509,      -7.319061606,       -7.06918351,      -9.751870288,      -5.593510301
          0,           0,         155,      -7.412752515,      -7.322801216,      -7.101782962,       -9.68385076,      -5.552573113
          0,           0,         156,      -7.424139832,       -7.33391996,      -7.116378642,      -9.788045873,      -5.630083075
          0,           0,         157,      -7.441648475,       -7.38182844,      -7.125431452,      -9.726180163,      -5.592462519
          0,           0,         158,      -7.466231222,      -7.352437868,      -7.162742956,      -9.811501801,      -5.657361212
          0,           0,         159,      -7.469688099,      -7.436914088,      -7.149652716,      -9.773641267,      -5.635289719
          0,           0,         160,      -7.504367479,      -7.376329357,      -7.203103155,      -9.824546521,      -5.676394945
          0,           0,         161,      -7.497537707,      -7.479706146,       -7.17593179,       -9.82376465,      -5.678980414
          0,           0,         162,      -7.536704102,      -7.406282609,      -7.234880055,      -9.832721971,      -5.690912125
          0,           0,         163,      -7.525559868,      -7.505188396,      -7.204835857,      -9.872614072,      -5.720750748
          0,           0,         164,      -7.563215227,      -7.442136757,       -7.25837876,      -9.841844851,      -5.705155585
          0,           0,         165,      -7.554351787,      -7.515908718,      -7.236658035,      -9.915847125,      -5.758493775
          0,           0,         166,      -7.585868365,      -7.483825402,      -7.276625149,      -9.857405024,      -5.723466819
          0,           0,         167,      -7.585314249,      -7.520010513,      -7.272218497,      -9.950240641,      -5.790761282
          0,           0,         168,       -7.60782331,       -7.53121983,       -7.29391666,      -9.883381867,      -5.749409018
          0,           0,         169,      -7.620471207,      -7.526418925,      -7.312797027,      -9.976729328,       -5.81859224
          0,           0,         170,      -7.631830203,      -7.581793709,      -7.314001667,      -9.919086674,      -5.783434345
          0,           0,         171,      -7.658759685,      -7.540214938,      -7.356124992,      -9.996944539,      -5.843273616
          0,           0,         172,      -7.659561796,      -7.631379048,      -7.339213091,      -9.963910723,      -5.825045589
          0,           0,         173,      -7.698179176,      -7.563573266,        -7.3988528,      -10.01374544,      -5.866312515
          0,           0,         174,      -7.691295126,      -7.674691096,      -7.370122724,      -10.01619749,      -5.872483512
          0,           0,         175,      -7.736406004,      -7.596686448,      -7.437598934,       -10.0300105,      -5.889063566
          0,           0,         176,      -7.726101762,      -7.707099933,      -7.405898327,       -10.0719788,      -5.922186431
          0,           0,         177,      -7.771072867,      -7.638367747,      -7.469691955,      -10.04818341,      -5.912544177
          0,           0,         178,      -7.762553269,      -7.727467668,      -7.445019538,      -10.12522044,      -5.969629957
          0,           0,         179,      -7.801033066,       -7.68718936,      -7.494696487,      -10.07100108,      -5.938258062
          0,           0,         180,      -7.799516832,      -7.739113841,      -7.486021373,      -10.16848086,      -6.009610751
          0,           0,         181,      -7.826967199,      -7.741271244,      -7.514730923,      -10.10149367,      -5.968257007
          0,           0,         182,      -7.837320088,      -7.748767894,      -7.528626246,      -10.19823424,      -6.039752362
          0,           0,         183,      -7.850719742,      -7.796171665,      -7.533270857,       -10.1386191,      -6.002542396
          0,           0,         184,      -7.874462066,      -7.761804809,      -7.570159058,      -10.21536501,       -6.06102486
          0,           0,         185,      -7.874672461,      -7.845700844,       -7.55390683,      -10.18115332,      -6.040613683
          0,           0,         186,      -7.909113722,      -7.781398277,      -7.607448653,      -10.22503955,      -6.076958597
          0,           0,         187,      -7.900608444,      -7.884003736,      -7.578868213,      -10.22811697,      -6.081823962
          0,           0,         188,      -7.940848956,      -7.809086365,      -7.639362591,      -10.23343448,      -6.091894647
          0,           0,         189,      -7.929256122,      -7.908590265,      -7.608795626,      -10.27672609,      -6.124268186
          0,           0,         190,      -7.969602076,       -7.84482838,       -7.66587396,      -10.24539335,      -6.109263066
          0,           0,         191,      -7.960824569,      -7.922178929,       -7.64353203,      -10.32308193,      -6.165748021
          0,           0,         192,      -7.996238909,      -7.888362465,       -7.68853566,      -10.26490792,      -6.131944979
          0,           0,         193,      -7.995679658,      -7.930906347,      -7.682929679,      -10.36297192,      -6.203483721
          0,           0,         194,      -8.022362193,      -7.939083709,      -7.709911922,      -10.29488998,      -6.162224112
          0,           0,         195,      -8.034557076,        -7.9415842,      -7.727060579,      -10.39477033,       -6.23630881
          0,           0,         196,      -8.049449945,      -7.993784091,      -7.732592508,      -10.33418276,      -6.199723429
          0,           0,         197,      -8.075586058,      -7.958396233,      -7.772877622,      -10.41807859,      -6.263768339
          0,           0,         198,      -8.078471308,      -8.047035505,      -7.758480117,      -10.38127775,      -6.243087756
          0,           0,         199,      -8.115724562,      -7.983084726,      -7.815893901,      -10.43475594,      -6.286551337
          0,           0,         200,      -8.109503561,      -8.091885486,      -7.788214912,      -10.43388509,      -6.290119604
          0,           0,         201,      -8.152324288,      -8.015774023,      -7.852461359,      -10.44825534,      -6.306500268
          0,           0,         202,      -8.141840442,      -8.122644077,      -7.821312709,      -10.48764754,      -6.337110501
          0,           0,         203,      -8.183613274,      -8.055473374,       -7.88077591,      -10.46229708,      -6.325782739
          0,           0,         204,      -8.174731238,      -8.139011936,      -7.856910247,       -10.5366883,      -6.380170836
          0,           0,         205,      -8.209716774,      -8.101144606,      -7.901955421,      -10.48100374,      -6.347301941
          0,           0,         206,       -8.20819043,      -8.146443843,      -7.894599703,      -10.57518571,      -6.415739783
          0,           0,         207,      -8.232766873,      -8.151663487,      -7.919555044,        -10.508285,      -6.374173606
          0,           0,         208,       -8.24369202,      -8.153323218,      -7.935182624,      -10.60207874,      -6.443464154
          0,           0,         209,      -8.255464694,      -8.203621766,      -7.937639532,      -10.54348295,      -6.407023801
          0,           0,         210,       -8.28030616,      -8.165405469,       -7.97653746,      -10.61941103,      -6.465121654
          0,           0,         211,      -8.280267541,      -8.252115366,       -7.95956776,      -10.58599959,      -6.445701958
          0,           0,         212,      -8.316476865,      -8.185718185,      -8.015775103,      -10.63167508,      -6.483700266
          0,           0,         213,      -8.308398695,      -8.291989952,      -7.986876309,       -10.6347133,      -6.489234302
          0,           0,         214,       -8.35107322,      -8.215273562,      -8.050892617,      -10.64361923,      -6.502226702
          0,           0,         215,      -8.339902281,      -8.320130541,      -8.019567124,       -10.6865263,      -6.535096062
          0,           0,         216,      -8.382979135,      -8.253531141,      -8.080606212,      -10.65884145,      -6.522905408
          0,           0,         217,       -8.37418948,      -8.337462934,      -8.056806675,      -10.73668013,      -6.580070998
          0,           0,         218,      -8.411982272,      -8.299701469,      -8.105323481,      -10.68054621,      -6.547786609
          0,           0,         219,      -8.410792625,      -8.348501943,       -8.09770603,      -10.77940042,      -6.620102145
          0,           0,         220,      -8.438958032,      -8.352574621,      -8.127025899,      -10.71151319,      -6.578812867
          0,           0,         221,      -8.450008181,      -8.359616262,      -8.141939078,      -10.81164246,      -6.652970835
          0,           0,         222,      -8.465234257,      -8.408319295,      -8.148397138,      -10.75056756,      -6.615620087
          0,           0,         223,      -8.489952125,      -8.375328001,      -8.186458665,      -10.83302251,        -6.6783843
          0,           0,         224,      -8.492226259,      -8.460884364,      -8.171988009,      -10.79606838,      -6.656957302
          0,           0,         225,      -8.527806626,      -8.397888121,      -8.227017941,      -10.84650758,      -6.698014822
          0,           0,         226,      -8.520716028,      -8.503319747,      -8.199179086,      -10.84611834,      -6.701206943
          0,           0,         227,      -8.561831972,      -8.428047209,         -8.261024,      -10.85698166,      -6.714992197
          0,           0,         228,       -8.55074737,      -8.531050256,      -8.230133995,      -10.89705132,      -6.745487715
          0,           0,         229,      -8.591229864,      -8.465351451,      -8.287734925,      -10.86904909,      -6.732398052
          0,           0,         230,      -8.582197574,      -8.545346872,       -8.26449311,      -10.94399075,      -6.786895381
          0,           0,         231,      -8.616759987,      -8.509241782,      -8.308803717,      -10.88710611,      -6.753460987
          0,           0,         232,      -8.615504247,      -8.552472793,      -8.302204251,      -10.98224632,      -6.822605609
          0,           0,         233,      -8.640594933,      -8.559030113,      -8.327595958,      -10.91480022,      -6.781135286
          0,           0,         234,      -8.652021496,      -8.560425614,      -8.343941306,      -11.01090835,      -6.852224142
          0,           0,         235,      -8.665024615,      -8.611632728,      -8.347604475,      -10.95133968,      -6.815711232
          0,           0,         236,       -8.69051302,      -8.574328753,      -8.387288691,      -11.03106808,      -6.876634224
          0,           0,         237,      -8.691847574,      -8.662147168,      -8.371497974,      -10.99579685,      -6.856531396
          0,           0,         238,      -8.728787666,      -8.596611749,      -8.428671915,      -11.04588176,      -6.897671901
          0,           0,         239,      -8.721693713,       -8.70473799,      -8.400314235,      -11.04654548,      -6.902066783
          0,           0,         240,      -8.764928523,      -8.627833857,      -8.465206752,      -11.05926928,      -6.917606171
          0,           0,         241,      -8.754156079,      -8.734991952,      -8.433728798,      -11.09992678,       -6.94917886
          0,           0,         242,      -8.797310117,      -8.667180149,      -8.495094135,      -11.07462912,      -6.938369322
          0,           0,         243,      -8.788400623,      -8.752861182,      -8.470746967,      -11.15052532,      -6.994143301
          0,           0,         244,      -8.825584274,      -8.713629605,      -8.518738076,      -11.09536738,      -6.962172669
          0,           0,         245,      -8.823957844,      -8.762844877,      -8.510500995,      -11.19215371,      -7.032792757
          0,           0,         246,      -8.850982017,      -8.765872075,      -8.538653083,      -11.12474243,      -6.991391394
          0,           0,         247,      -8.861522061,      -8.772074557,       -8.55305613,      -11.22220603,       -7.06342245
          0,           0,         248,      -8.875414853,      -8.820140412,      -8.558179628,      -11.16186591,      -7.026139979
          0,           0,         249,      -8.899691493,      -8.785765641,      -8.595847685,      -11.24140091,      -7.086724061
          0,           0,         250,      -8.900905052,      -8.870774624,      -8.580424102,      -11.20552967,      -7.065715769
          0,           0,         251,      -8.936281477,      -8.806685943,      -8.635305322,      -11.25366414,      -7.105208334
          0,           0,         252,       -8.92863211,      -8.911665283,      -8.607043433,      -11.25434671,      -7.108985558
          0,           0,         253,      -8.970055741,      -8.835895101,      -8.669352156,      -11.26414546,      -7.122255963
          0,           0,         254,      -8.958807417,      -8.939116967,      -8.638270581,      -11.30509169,      -7.153422146
          0,           0,         255,      -9.000252223,      -8.873020283,       -8.69717964,      -11.27716998,      -7.140723574
          0,           0,         256,      -8.991217551,      -8.954498567,      -8.673628867,      -11.35317209,      -7.196195688
          0,           0,         257,      -9.027290085,      -8.917489991,      -8.719949918,      -11.29664785,      -7.163363182
          0,           0,         258,      -9.025964112,      -8.963377956,      -8.712754257,      -11.39355108,      -7.233990519
          0,           0,         259,      -9.052714344,      -8.968453056,      -8.740312435,      -11.32575602,      -7.192616113
          0,           0,         260,      -9.063874451,      -8.972924502,      -8.755820874,      -11.42431761,      -7.265550943
          0,           0,         261,      -9.078326501,        -9.0226007,      -8.761313304,      -11.36359275,      -7.228472143
          0,           0,         262,       -9.10342128,      -8.987933384,      -8.800139608,      -11.44574977,       -7.29108676
          0,           0,         263,      -9.105640297,      -9.074553719,      -8.785450648,      -11.40885551,      -7.269929122
          0,           0,         264,      -9.142008443,      -9.010664471,      -8.841697405,      -11.46059682,      -7.312089181
          0,           0,         265,      -9.135232112,      -9.117849415,      -8.813816434,      -11.45970811,       -7.31531625
          0,           0,         266,      -9.177604698,      -9.041679311,      -8.877511563,      -11.47300052,      -7.331023338
          0,           0,         267,      -9.166790299,      -9.147645469,      -8.846231558,      -11.51238589,      -7.361481616
          0,           0,         268,      -9.208821501,      -9.080264789,      -8.906111548,      -11.48686353,      -7.350269384
          0,           0,         269,       -9.19975226,      -9.164176571,      -8.881965543,      -11.56164998,      -7.405034393
          0,           0,         270,       -9.23580782,      -9.125603642,      -8.928489554,      -11.50618244,      -7.372603049
          0,           0,         271,      -9.234108316,      -9.172702197,      -8.920586705,      -11.60169082,      -7.442162545
          0,           0,         272,      -9.260161875,      -9.176576495,      -8.947506519,      -11.53430596,      -7.400644852
          0,           0,         273,       -9.27083553,      -9.180890453,      -8.962407065,      -11.63069219,      -7.471871105
          0,           0,         274,      -9.284178523,       -9.22979348,      -8.966818862,       -11.5706415,      -7.434801001
          0,           0,         275,      -9.308779572,      -9.194171583,      -9.005103386,      -11.64992176,      -7.495266485
          0,           0,         276,      -9.309936554,      -9.280043655,      -8.989486233,      -11.61421996,      -7.474531791
          0,           0,         277,      -9.345899852,      -9.215280899,       -9.04526103,      -11.66311942,      -7.514697042
          0,           0,         278,      -9.338442895,      -9.321517246,      -9.016937405,       -11.6636439,      -7.518631609
          0,           0,         279,      -9.380744179,      -9.245137001,      -9.080522352,      -11.67492498,      -7.533078838
          0,           0,         280,      -9.369668134,      -9.350324226,       -9.04917569,      -11.71565737,      -7.564435066
          0,           0,         281,      -9.412209011,      -9.283205685,      -9.109662175,      -11.68925111,      -7.552843702
          0,           0,         282,      -9.403158469,      -9.367194506,      -9.085534224,      -11.76567891,      -7.609069919
          0,           0,         283,      -9.440478933,      -9.328933803,      -9.133575274,      -11.71004213,       -7.57665538
          0,           0,         284,      -9.438921849,      -9.377123369,      -9.125624095,      -11.80740377,      -7.647895527
          0,           0,         285,      -9.466289198,      -9.380912493,      -9.154088564,      -11.73950978,      -7.606288571
          0,           0,         286,      -9.477134205,       -9.38688656,      -9.168929983,       -11.8381621,      -7.679323695
          0,           0,         287,      -9.491649142,      -9.435611001,      -9.174630779,      -11.77728334,      -7.641958438
          0,           0,         288,      -9.516358951,      -9.401606654,      -9.212841316,      -11.85877724,      -7.704042488
          0,           0,         289,      -9.518295163,      -9.487381367,      -9.198005954,      -11.82208941,      -7.682796058
          0,           0,         290,      -9.554161851,      -9.423681893,      -9.253532594,       -11.8724414,      -7.723899081
          0,           0,         291,      -9.547029092,      -9.529774063,      -9.225526819,      -11.87218747,      -7.727343368
          0,           0,         292,      -9.588864879,       -9.45395921,      -9.288420155,      -11.88381075,      -7.741802625
          0,           0,         293,      -9.577804502,      -9.558371386,      -9.257235524,       -11.9242709,      -7.772974376
          0,           0,         294,      -9.619619639,      -9.491966688,      -9.316656573,      -11.89731819,      -7.760604213
          0,           0,         295,      -9.610494405,      -9.574151405,      -9.292813209,      -11.97462089,      -7.817936403
          0,           0,         296,      -9.647561593,      -9.537921779,      -9.340199432,      -11.91846673,       -7.78418063
          0,           0,         297,      -9.646184419,      -9.583035413,      -9.333020953,      -12.01524911,      -7.855448358
          0,           0,         298,      -9.672299089,       -9.58953632,      -9.359587446,      -11.94690326,      -7.812995664
          0,           0,         299,      -9.683944425,      -9.591783988,        -9.3760362,      -12.04375328,      -7.884926415
          0,           0,         300,      -9.697048271,      -9.643525514,      -9.379655129,      -11.98393736,      -7.848124934
          0,           0,         301,      -9.722787029,      -9.606281218,      -9.419617988,      -12.06325457,      -7.908822014
          0,           0,         302,      -9.723851413,      -9.694520702,      -9.403423287,      -12.02886003,      -7.889211507
          0,           0,         303,      -9.760787401,      -9.628776225,      -9.460541728,      -12.07717281,      -7.929073128
          0,           0,         304,      -9.753315932,       -9.73651989,      -9.431877362,      -12.07980307,      -7.934788433
          0,           0,         305,      -9.796290124,      -9.660175539,      -9.496204453,      -12.08981206,      -7.948206353
          0,           0,         306,      -9.785215574,      -9.765367101,      -9.464833976,      -12.13411005,      -7.982850555
          0,           0,         307,      -9.828772406,      -9.700018977,      -9.526178201,      -12.10580129,      -7.969091494
          0,           0,         308,      -9.819815948,      -9.782243796,      -9.502454659,       -12.1913049,      -8.035188075
          0,           0,         309,      -9.861265271,      -9.751038921,      -9.554295429,      -12.13455667,       -7.99822758
          0,           0,         310,       -9.86078736,      -9.793579156,      -9.548502215,      -12.23333393,      -8.072799231
          0,           0,         311,      -9.885625398,      -9.805236954,      -9.572571547,      -12.16183452,      -8.027609298
          0,           0,         312,      -9.899442547,      -9.802869114,      -9.592437521,      -12.25809967,      -8.099500622
          0,           0,         313,      -9.910873691,       -9.86109414,      -9.592960335,      -12.20079863,      -8.064189577
          0,           0,         314,       -9.93870408,      -9.819184888,      -9.636112882,      -12.27574394,      -8.122105599
          0,           0,         315,      -9.938003223,      -9.911707266,      -9.617219752,      -12.24870246,      -8.107918973
          0,           0,         316,      -9.977311709,      -9.843562341,      -9.677328193,      -12.28942774,      -8.142168194
          0,           0,         317,      -9.968194026,       -9.95203384,      -9.646777009,      -12.30702286,      -8.160892409
          0,           0,         318,      -10.01619487,      -9.879648736,       -9.71619597,      -12.30614011,      -8.163987197
          0,           0,         319,      -10.00326631,      -9.979695413,      -9.683572815,      -12.38997432,      -8.239939121
          0,           0,         320,      -10.06641912,      -9.936729562,      -9.764946347,       -12.3470493,      -8.201644703
          0,           0,         321,      -10.05722817,      -10.00136199,      -9.743365385,      -12.44557107,      -8.282785104
          0,           0,         322,       -10.0884826,      -9.991998774,      -9.778721494,       -12.3626325,      -8.227140881
          0,           0,         323,      -10.09803808,      -10.00759018,      -9.790201992,      -12.46580438,      -8.305010404
          0,           0,         324,      -10.11509131,       -10.0546471,      -9.798929337,      -12.40023068,      -8.263964275
          0,           0,         325,      -10.14031502,      -10.02473834,      -9.837295077,      -12.48564329,      -8.329788195
          0,           0,         326,      -10.14367127,       -10.1109016,      -9.823739859,      -12.44794583,       -8.30818717
          0,           0,         327,      -10.18119999,      -10.04742575,      -9.881632087,      -12.50000978,      -8.351170961
          0,           0,         328,      -10.17460825,      -10.15731891,      -9.853288269,      -12.50281018,      -8.358356252
          0,           0,         329,      -10.21842468,       -10.0825428,      -9.918352507,      -12.51370442,      -8.371332069
          0,           0,         330,      -10.20644628,      -10.18676576,      -9.885927551,      -12.56813646,      -8.417809677
          0,           0,         331,      -10.25773495,      -10.12704569,      -9.955905437,      -12.53733916,      -8.397010034
          0,           0,         332,      -10.24746706,      -10.20645301,      -9.930756357,      -12.62361542,      -8.464794752
          0,           0,         333,      -10.28460793,      -10.17735439,      -9.976828731,      -12.55700886,      -8.421560555
          0,           0,         334,      -10.28625422,      -10.21359534,       -9.97486498,      -12.65687918,      -8.496231563
          0,           0,         335,      -10.30871179,       -10.2343866,      -9.994537694,      -12.58692246,      -8.452152941
          0,           0,         336,      -10.32464787,      -10.22450943,      -10.01821343,      -12.67998519,       -8.52187504
          0,           0,         337,      -10.33350809,      -10.28853652,      -10.01485998,      -12.62698338,      -8.489293865
          0,           0,         338,      -10.36381309,      -10.24042023,      -10.06196961,      -12.69589678,      -8.543351335
          0,           0,         339,      -10.36113657,      -10.33825013,      -10.04003093,       -12.6753481,      -8.533529504
          0,           0,         340,      -10.40092923,      -10.26672993,      -10.10082375,      -12.70832739,      -8.562441775
          0,           0,         341,      -10.39079106,      -10.37466307,      -10.06944392,      -12.73144779,      -8.583956514
          0,           0,         342,      -10.43762946,      -10.30273022,      -10.13701488,       -12.7239905,      -8.583248976
          0,           0,         343,      -10.42547999,       -10.3993901,      -10.10621589,      -12.80682074,      -8.654991891
          0,           0,         344,      -10.48256227,      -10.35691017,      -10.17980707,      -12.76112785,      -8.618339904
          0,           0,         345,      -10.47574809,      -10.41778594,      -10.16218376,      -12.85916792,      -8.697169842
          0,           0,         346,      -10.50601663,      -10.41242356,      -10.19564863,      -12.77969142,      -8.644935529
          0,           0,         347,      -10.51570433,      -10.42544045,      -10.20775086,      -12.88198196,      -8.721667623
          0,           0,         348,      -10.53235517,       -10.4725841,      -10.21605076,      -12.81740543,      -8.681435917
          0,           0,         349,       -10.5576335,      -10.44209584,      -10.25457055,      -12.90251468,      -8.746889535
          0,           0,         350,      -10.56087402,      -10.52829804,      -10.24091013,      -12.86487111,      -8.725354274
          0,           0,         351,      -10.59805257,      -10.46485945,      -10.29830176,      -12.91696672,      -8.768178636
          0,           0,         352,      -10.59142981,      -10.57407464,      -10.27007981,      -12.91870677,      -8.774284906
          0,           0,         353,      -10.63462968,      -10.49922419,      -10.33440328,      -12.93008958,      -8.787784876
          0,           0,         354,       -10.6228574,      -10.60332014,      -10.30228883,      -12.98086995,      -8.830310895
          0,           0,         355,      -10.67183779,      -10.54187113,      -10.36972176,       -12.9512079,      -8.811676639
          0,           0,         356,      -10.66187054,      -10.62204955,      -10.34490561,      -13.03466601,      -8.876288533
          0,           0,         357,      -10.69853743,      -10.59094831,      -10.39077225,      -12.97040391,       -8.83538614
          0,           0,         358,      -10.69929977,      -10.62919362,      -10.38739483,      -13.06916841,      -8.908736282
          0,           0,         359,      -10.72244741,      -10.64630192,      -10.40855015,      -12.99963861,       -8.86510842
          0,           0,         360,      -10.73715842,      -10.63929446,      -10.43026366,      -13.09353999,      -8.935218904
          0,           0,         361,      -10.74698865,      -10.69999761,      -10.42860984,       -13.0387505,      -8.901491859
          0,           0,         362,      -10.77614924,      -10.65441729,       -10.4739792,      -13.11028207,       -8.95723568
          0,           0,         363,      -10.77431269,      -10.75005056,      -10.45334042,      -13.08608631,      -8.944836544
          0,           0,         364,      -10.81341627,        -10.679659,      -10.51330316,      -13.12303756,      -8.976591687
          0,           0,         365,       -10.8038409,      -10.78782136,      -10.48243587,      -13.14083488,      -8.993993173
          0,           0,         366,      -10.84998395,       -10.7143439,      -10.54962774,      -13.13800675,      -8.997078848
          0,           0,         367,      -10.83795828,       -10.8138548,      -10.51837225,      -13.21166527,      -9.059977656
          0,           0,         368,      -10.89237612,      -10.76486233,      -10.58993971,      -13.16989702,      -9.028751311
          0,           0,         369,      -10.88442624,      -10.83231474,      -10.56979903,       -13.2680514,       -9.10764115
          0,           0,         370,      -10.91987439,      -10.82108454,      -10.61062619,      -13.19430129,      -9.058244385
          0,           0,         371,      -10.92700311,      -10.84162628,       -10.6181726,      -13.29684442,      -9.136049714
          0,           0,         372,      -10.94556231,      -10.88081444,      -10.63004088,      -13.22870539,      -9.093089927
          0,           0,         373,      -10.96858726,      -10.85640251,      -10.66485166,      -13.31717001,      -9.160701532
          0,           0,         374,      -10.97349176,      -10.93751434,      -10.65391355,      -13.27469963,      -9.135795313
          0,           0,         375,      -11.00918983,       -10.8782246,       -10.7090104,      -13.33205761,      -9.182131916
          0,           0,         376,       -11.0035205,      -10.98503602,      -10.68218755,      -13.32903415,      -9.185388669
          0,           0,         377,      -11.04733424,      -10.91112693,      -10.74747938,      -13.34596692,      -9.202390351
          0,           0,         378,      -11.03550207,      -11.01715221,      -10.71473418,      -13.39681028,      -9.247521446
          0,           0,         379,      -11.08877206,      -10.95584756,      -10.78765059,      -13.37032493,      -9.228737327
          0,           0,         380,      -11.07704332,      -11.03894436,      -10.75986083,      -13.45382149,      -9.295229974
          0,           0,         381,      -11.11578726,      -11.00537076,      -10.80873675,      -13.38817603,       -9.25224799
          0,           0,         382,      -11.11594329,      -11.04642441,      -10.80402959,      -13.48788914,      -9.326987986
          0,           0,         383,      -11.14000522,      -11.06207778,      -10.82647747,      -13.41693138,      -9.282197035
          0,           0,         384,      -11.15473088,      -11.05666521,      -10.84798424,       -13.5120932,      -9.353500608
          0,           0,         385,      -11.16515003,      -11.11731776,      -10.84694033,      -13.45657631,      -9.319359006
          0,           0,         386,      -11.19437138,      -11.07234132,      -10.89234429,      -13.52907341,      -9.375916417
          0,           0,         387,      -11.19283875,      -11.16824673,        -10.871931,      -13.50481535,      -9.363707005
          0,           0,         388,      -11.23237522,      -11.09825329,      -10.93240733,      -13.54241576,      -9.395838752
          0,           0,         389,      -11.22278556,       -11.2067327,      -10.90139395,      -13.56219253,      -9.415583582
          0,           0,         390,       -11.2706955,      -11.13415181,      -10.97064711,      -13.55901463,      -9.417546883
          0,           0,         391,      -11.25821245,      -11.23376001,      -10.93871466,      -13.64241509,      -9.491710608
          0,           0,         392,      -11.31898739,      -11.19023895,      -11.01716737,      -13.59862695,      -9.454499162
          0,           0,         393,        -11.310807,      -11.25428849,      -10.99705346,      -13.69704211,      -9.534728029
          0,           0,         394,      -11.34192911,      -11.24625448,      -11.03199016,      -13.61574852,      -9.480688006
          0,           0,         395,      -11.35121152,      -11.26154974,      -11.04316531,      -13.71864899,      -9.558055363
          0,           0,         396,      -11.36826409,      -11.30766483,      -11.05207445,      -13.65341783,      -9.517217632
          0,           0,         397,      -11.39332757,      -11.27818835,      -11.09017135,      -13.73865051,      -9.582834655
          0,           0,         398,      -11.39660317,      -11.36387113,      -11.07662775,      -13.70089364,      -9.561130317
          0,           0,         399,      -11.43359982,      -11.30064709,      -11.13375588,      -13.75249183,      -9.603620838
          0,           0,         400,      -11.42684986,      -11.40954094,      -11.10546813,       -13.7547508,      -9.610123523
          0,           0,         401,      -11.46997045,      -11.33500858,      -11.16959903,       -13.7652865,      -9.622887974
          0,           0,         402,      -11.45797543,      -11.43829516,      -11.13740222,      -13.81799392,      -9.667352035
          0,           0,         403,      -11.50786378,      -11.37800946,      -11.20574927,      -13.78729534,      -9.647276415
          0,           0,         404,      -11.49777623,      -11.45705132,      -11.18097515,      -13.87221725,      -9.713505568
          0,           0,         405,       -11.5344901,      -11.42746474,      -11.22663879,      -13.80652142,      -9.671274897
          0,           0,         406,      -11.53576128,       -11.4640483,      -11.22417799,      -13.90590009,      -9.745324712
          0,           0,         407,      -11.55855994,      -11.48340617,      -11.24453294,      -13.83605003,      -9.701471336
          0,           0,         408,       -11.5740422,      -11.47470853,      -11.26747996,      -13.92993355,      -9.771710732
          0,           0,         409,        -11.583563,      -11.53740021,      -11.26511124,       -13.8758947,      -9.738573085
          0,           0,         410,      -11.61353538,      -11.49052386,      -11.31168831,      -13.94682538,      -9.794023098
          0,           0,         411,      -11.61149544,      -11.58776328,      -11.29051355,      -13.92417422,       -9.78286141
          0,           0,         412,      -11.65117814,      -11.51678407,      -11.35122155,      -13.95996479,      -9.813787455
          0,           0,         413,      -11.64146112,      -11.62540177,      -11.32010329,      -13.98011202,      -9.833150549
          0,           0,         414,      -11.68822379,      -11.55250262,      -11.38788177,      -13.97566014,      -9.834798937
          0,           0,         415,      -11.67616097,      -11.65128434,      -11.35671326,      -14.05391937,      -9.902294972
          0,           0,         416,       -11.7322064,      -11.60523073,      -11.42970957,       -14.0103935,      -9.868359114
          0,           0,         417,      -11.72466867,      -11.66990228,      -11.41051718,      -14.11102755,       -9.95014615
          0,           0,         418,      -11.75936141,      -11.66319018,      -11.44962891,       -14.0355894,       -9.89884429
          0,           0,         419,      -11.76813784,      -11.67911259,      -11.45999495,      -14.13719654,      -9.976401419
          0,           0,         420,      -11.78479194,      -11.72370679,      -11.46870114,      -14.07030641,      -9.934046417
          0,           0,         421,      -11.80967929,      -11.69451759,      -11.50652271,       -14.1554049,      -9.999485811
          0,           0,         422,      -11.81288734,      -11.77995912,      -11.49294396,      -14.11713925,      -9.977398094
          0,           0,         423,      -11.84998934,      -11.71722739,      -11.55012454,      -14.16929624,      -10.02021167
          0,           0,         424,      -11.84325792,      -11.82587133,       -11.5218844,      -14.17245144,      -10.02791281
          0,           0,         425,       -11.8878841,      -11.75164973,      -11.58792406,      -14.18342285,      -10.04058503
          0,           0,         426,      -11.87567565,       -11.8559707,      -11.55518423,      -14.24225798,      -10.09227891
          0,           0,         427,      -11.93007875,      -11.79857961,      -11.62860676,      -14.21035216,      -10.06858703
          0,           0,         428,      -11.91912989,      -11.87670592,      -11.60271273,      -14.29957194,      -10.14012695
          0,           0,         429,       -11.9568823,       -11.8502081,      -11.64908085,      -14.22999104,      -10.09381626
          0,           0,         430,      -11.95942416,      -11.88394718,       -11.6486309,      -14.33110402,      -10.17005556
          0,           0,         431,      -11.98130216,      -11.90857337,      -11.66693929,      -14.26047035,      -10.12535642
          0,           0,         432,      -11.99895279,      -11.89564118,      -11.69326482,      -14.35320749,      -10.19528626
          0,           0,         433,      -12.00708263,      -11.96401933,      -11.68826663,      -14.30235281,       -10.1644092
          0,           0,         434,      -12.03912457,      -11.91327365,       -11.7378944,      -14.36932046,      -10.21726862
          0,           0,         435,      -12.03577735,      -12.01404259,      -11.71463753,       -14.3540188,      -10.21193868
          0,           0,         436,      -12.07809266,      -11.94214779,      -11.77846277,      -14.38354437,      -10.23792641
          0,           0,         437,      -12.06711439,      -12.05073476,        -11.745929,      -14.42028025,      -10.27292525
          0,           0,         438,      -12.12104961,      -11.98381473,      -11.82127057,      -14.40625161,       -10.2637497
          0,           0,         439,      -12.10751549,      -12.07743529,      -11.78906935,      -14.52867919,      -10.38062126
          0,           0,         440,      -12.18763645,      -12.06190776,      -11.88624288,      -14.47706987,      -10.32249148
          0,           0,         441,      -12.18418556,      -12.10188965,      -11.87561216,      -14.58429092,      -10.41864292
          0,           0,         442,      -12.20305391,      -12.12760184,      -11.88984624,      -14.49301317,       -10.3541771
          0,           0,         443,      -12.22850171,      -12.10992532,      -11.92659924,      -14.58306244,      -10.42430808
          0,           0,         444,      -12.23280412,      -12.19572233,      -11.91361724,      -14.54020664,      -10.39936745
          0,           0,         445,      -12.27398841,      -12.13838032,      -11.97530583,      -14.59667371,      -10.44550999
          0,           0,         446,      -12.26745591,      -12.24948755,      -11.94632946,      -14.62000666,      -10.47565615
          0,           0,         447,      -12.33058968,      -12.18091519,      -12.03504271,      -14.62514861,      -10.47759425
          0,           0,         448,      -12.31442626,      -12.29113919,      -11.99523074,      -14.76190681,      -10.62121142
          0,           0,         449,      -12.41908287,      -12.27899676,      -12.12272764,      -14.70994913,       -10.5479064
          0,           0,         450,      -12.40515945,      -12.32425198,      -12.09648901,      -14.82199615,      -10.65438125
          0,           0,         451,      -12.42123747,      -12.34300193,      -12.10843301,      -14.72075493,      -10.57847194
          0,           0,         452,      -12.45244706,      -12.32619214,      -12.15245782,      -14.80514039,      -10.64607375
          0,           0,         453,      -12.45276301,      -12.41983266,      -12.13308471,      -14.77077251,      -10.62721796
          0,           0,         454,      -12.49897431,      -12.35771728,      -12.20151752,      -14.81425089,      -10.66416287
          0,           0,         455,      -12.48958385,      -12.47333204,      -12.16847038,      -14.86340369,      -10.71750596
          0,           0,         456,      -12.56062277,      -12.41039867,      -12.26511769,      -14.84881849,      -10.69995303
          0,           0,         457,      -12.54273515,      -12.50994726,       -12.2251518,        -14.934243,      -10.77527438
          0,           0,         458,      -12.58789559,      -12.46922639,      -12.28296122,      -14.86274857,      -10.72390389
          0,           0,         459,      -12.58394452,      -12.51840119,      -12.27131016,      -14.96327501,      -10.80086672
          0,           0,         460,      -12.60964326,      -12.52689809,      -12.29680876,      -14.88724756,      -10.75126158
          0,           0,         461,      -12.62506006,      -12.52646268,      -12.31856468,      -14.98458837,      -10.82528422
          0,           0,         462,      -12.63559175,      -12.58719999,      -12.31738854,      -14.92894042,       -10.7908084
          0,           0,         463,      -12.66547437,      -12.54113373,      -12.36390788,      -14.99890413,       -10.8460062
          0,           0,         464,       -12.6629822,      -12.63975733,      -12.34184799,      -14.97830679,      -10.83683093
          0,           0,         465,      -12.70255961,      -12.57037985,      -12.40185808,      -15.01111022,      -10.86484002
          0,           0,         466,      -12.69141644,      -12.67521846,      -12.36985352,      -15.04207152,      -10.89462363
          0,           0,         467,      -12.74464021,      -12.60717263,      -12.44482635,      -15.03158063,      -10.88840335
          0,           0,         468,      -12.73116017,      -12.70271305,      -12.41236867,      -15.14852799,      -11.00035428
          0,           0,         469,      -12.80968919,      -12.68280379,       -12.5084012,      -15.09809023,      -10.94419787
          0,           0,         470,       -12.8043459,      -12.72623132,      -12.49480573,       -15.2042682,      -11.03854454
          0,           0,         471,      -12.82505036,      -12.74673801,       -12.5122394,      -15.11206333,      -10.97358044
          0,           0,         472,      -12.84755211,      -12.73382902,      -12.54451076,       -15.2051702,      -11.04560474
          0,           0,         473,      -12.85389843,      -12.81304458,      -12.53513512,      -15.15779859,      -11.01744568
          0,           0,         474,      -12.89393775,      -12.75929036,      -12.59520737,      -15.22032207,      -11.06806718
          0,           0,         475,      -12.88886942,      -12.86960841,      -12.56789219,      -15.23637455,      -11.09303549
          0,           0,         476,      -12.95120284,      -12.80096046,      -12.65601479,      -15.24892161,      -11.10084772
          0,           0,         477,      -12.93492205,      -12.91432479,      -12.61527185,      -15.37749992,      -11.23746949
          0,           0,         478,      -13.04035534,      -12.89409026,       -12.7456691,      -15.32713666,      -11.16646225
          0,           0,         479,       -13.0228552,      -12.95063945,      -12.71260858,      -15.44447319,      -11.27640955
          0,           0,         480,      -13.04514417,      -12.95724352,      -12.73411585,      -15.33820014,      -11.19684886
          0,           0,         481,      -13.07184985,      -12.95184582,      -12.77062177,      -15.43197741,      -11.27159834
          0,           0,         482,      -13.07654549,      -13.03724852,      -12.75768014,      -15.38793999,      -11.24594933
          0,           0,         483,      -13.11965739,      -12.98201446,      -12.82153211,      -15.44232355,      -11.29072299
          0,           0,         484,      -13.11209045,      -13.09439918,       -12.7909156,        -15.479123,      -11.33445256
          0,           0,         485,      -13.18232072,      -13.03105019,      -12.88729923,      -15.47479215,      -11.32523659
          0,           0,         486,      -13.16340925,      -13.13624453,      -12.84482286,      -15.55001388,      -11.39244694
          0,           0,         487,      -13.21020979,      -13.08626995,      -12.90648041,      -15.48556457,       -11.3463664
          0,           0,         488,      -13.20320887,      -13.14553654,       -12.8891575,        -15.582317,      -11.42024459
          0,           0,         489,      -13.23173152,      -13.14214597,       -12.9201049,      -15.50679301,      -11.37113667
          0,           0,         490,      -13.24288151,      -13.15220711,      -12.93478712,      -15.60628688,      -11.44613018
          0,           0,         491,      -13.25656539,      -13.20120971,      -12.93928469,      -15.54548904,      -11.40810123
          0,           0,         492,      -13.28307057,      -13.16391765,      -12.98046359,      -15.62239651,      -11.46793792
          0,           0,         493,      -13.28300199,      -13.25565115,      -12.96225606,      -15.58985798,      -11.44952483
          0,           0,         494,      -13.31835927,      -13.18888461,       -13.0171408,      -15.63288487,      -11.48537081
          0,           0,         495,      -13.30943062,      -13.29288591,      -12.98771252,      -15.63954472,       -11.4930943
          0,           0,         496,      -13.35293844,      -13.21762749,      -13.05244307,      -15.64429065,      -11.50279224
          0,           0,         497,      -13.34167585,      -13.32026583,      -13.02151528,      -15.69807729,      -11.54605386
          0,           0,         498,      -13.38739778,      -13.25981758,      -13.08452156,      -15.66391149,      -11.52617186
          0,           0,         499,      -13.37858302,      -13.33579243,      -13.06208565,      -15.74825125,        -11.589965
          0,           0,         500,       -13.4140661,      -13.30925068,      -13.10572778,      -15.68440044,      -11.55046586
          0,           0,         501,      -13.41503766,      -13.34495511,      -13.10311241,        -15.784309,      -11.62394267
          0,           0,         502,      -13.43893344,      -13.36170361,      -13.12526779,      -15.71544706,      -11.58122821
          0,           0,         503,       -13.4549093,       -13.3551027,      -13.14862077,      -15.81136139,      -11.65314667
          0,           0,         504,      -13.46544223,      -13.41817335,      -13.14725086,      -15.75640047,      -11.61988228
          0,           0,         505,      -13.49439196,      -13.37257848,      -13.19230558,      -15.82929237,      -11.67632317
          0,           0,         506,      -13.49299566,      -13.46812342,      -13.17210987,      -15.80377221,      -11.66293784
          0,           0,         507,      -13.53193094,      -13.39850489,      -13.23178235,      -15.84244654,      -11.69596851
          0,           0,         508,      -13.52279825,      -13.50667549,      -13.20137998,      -15.85797973,      -11.71120833
          0,           0,         509,      -13.56784459,       -13.4321387,      -13.26745905,      -15.85641427,      -11.71570333
          0,           0,         510,      -13.55642284,      -13.53247019,      -13.23677822,      -15.92223748,       -11.7700892
          0,           0,         511,      -13.60530461,      -13.48007691,      -13.30202907,      -15.88202521,      -11.74299676
          0,           0,         512,      -13.59725769,      -13.54858256,      -13.28180928,      -15.97416933,      -11.81456322
          0,           0,         513,      -13.63152677,      -13.53207204,      -13.32217049,      -15.90446269,      -11.76929911
          0,           0,         514,      -13.63665761,       -13.5566422,      -13.32663263,      -16.00531455,      -11.84478367
          0,           0,         515,      -13.65622575,       -13.5886605,      -13.34101064,      -15.93740323,      -11.80215605
          0,           0,         516,      -13.67657743,      -13.56870803,      -13.37181804,      -16.02704757,      -11.87008449
          0,           0,         517,       -13.6826358,      -13.64396634,       -13.3633034,      -15.98041729,      -11.84220097
          0,           0,         518,      -13.71588146,      -13.58837786,      -13.41488554,      -16.04231398,      -11.89139047
          0,           0,         519,      -13.71119915,      -13.69121827,      -13.38989818,       -16.0314934,      -11.88861133
          0,           0,         520,      -13.75367966,      -13.61762942,        -13.453926,      -16.05572155,       -11.9112492
          0,           0,         521,      -13.74263304,      -13.72568932,      -13.42161082,      -16.09375027,      -11.94522964
          0,           0,         522,      -13.79302121,      -13.65819856,      -13.49238838,      -16.07597743,      -11.93525057
          0,           0,         523,      -13.78100846,      -13.74897917,      -13.46283232,      -16.18575931,      -12.03493295
          0,           0,         524,      -13.84830819,      -13.72763912,      -13.54503107,       -16.1335154,      -11.98455091
          0,           0,         525,      -13.84557509,      -13.76968547,      -13.53546101,      -16.23784101,      -12.07360451
          0,           0,         526,      -13.86748787,      -13.78916256,      -13.55453597,      -16.15142171,      -12.01417809
          0,           0,         527,      -13.88810285,      -13.77771934,      -13.58427662,      -16.24551563,       -12.0865268
          0,           0,         528,       -13.8955559,      -13.85352121,      -13.57687598,      -16.19596037,      -12.05673226
          0,           0,         529,       -13.9320863,      -13.80176259,      -13.63214617,      -16.26082856,      -12.10849663
          0,           0,         530,      -13.92767138,      -13.90717373,      -13.60660252,       -16.2656835,      -12.12267393
          0,           0,         531,      -13.98389034,      -13.83827195,      -13.68724606,      -16.28489632,      -12.13734982
          0,           0,         532,      -13.96916405,      -13.95062249,      -13.64890553,      -16.38768559,      -12.24486875
          0,           0,         533,      -14.06094232,      -13.91505729,      -13.76527798,      -16.34537453,       -12.1898103
          0,           0,         534,      -14.04225062,      -13.98543516,      -13.72893884,      -16.45570165,      -12.28904409
          0,           0,         535,      -14.07369115,      -13.97342247,      -13.76490638,      -16.35384908,       -12.2150531
          0,           0,         536,      -14.08819083,      -13.98765615,      -13.78266979,      -16.45863593,      -12.29655699
          0,           0,         537,      -14.10211779,      -14.04735182,      -13.78523179,      -16.39478559,         -12.25588
          0,           0,         538,      -14.13333931,      -14.00848491,      -13.83243018,      -16.47183619,      -12.31715442
          0,           0,         539,      -14.13301869,      -14.10705547,      -13.81240874,      -16.46031524,      -12.31836462
          0,           0,         540,      -14.18440279,      -14.04139176,      -13.88723553,      -16.49351032,       -12.3446837
          0,           0,         541,      -14.17145894,      -14.15492636,      -13.85057066,      -16.57101379,      -12.42772687
          0,           0,         542,      -14.25535749,      -14.10771297,      -13.95976264,      -16.54076341,      -12.38804758
          0,           0,         543,      -14.23352746,      -14.19168972,      -13.91735733,      -16.63766936,      -12.47306068
          0,           0,         544,      -14.27142052,      -14.15871997,      -13.96499059,      -16.54503062,      -12.40745297
          0,           0,         545,      -14.27638349,      -14.19413856,      -13.96712191,      -16.65245383,      -12.48970791
          0,           0,         546,      -14.29787041,      -14.22771476,      -13.98316961,      -16.58067905,      -12.44368909
          0,           0,         547,      -14.32019031,      -14.20880018,      -14.01639396,      -16.67120963,      -12.51364531
          0,           0,         548,      -14.32585363,      -14.28860394,      -14.00636815,      -16.62752436,      -12.48782556
          0,           0,         549,      -14.36117743,      -14.23004478,      -14.06099972,      -16.68428113,      -12.53407188
          0,           0,         550,      -14.35526095,      -14.33683487,      -14.03385203,      -16.68283792,      -12.53885223
          0,           0,         551,      -14.39957674,      -14.26390512,      -14.09953557,      -16.69807658,      -12.55414408
          0,           0,         552,      -14.38695574,      -14.36839522,      -14.06614916,      -16.75713293,      -12.60798053
          0,           0,         553,      -14.44536732,      -14.31103614,      -14.14475946,      -16.72719089,      -12.58357374
          0,           0,         554,      -14.43305619,      -14.39152943,      -14.11653941,      -16.81758519,      -12.65777937
          0,           0,         555,       -14.4722845,      -14.36370165,      -14.16495739,        -16.746069,      -12.60907237
          0,           0,         556,      -14.47453202,      -14.39858737,      -14.16386596,      -16.84784282,      -12.68635058
          0,           0,         557,      -14.49671484,      -14.42345666,      -14.18246228,      -16.77593872,      -12.64066619
          0,           0,         558,      -14.51461107,      -14.41088173,      -14.20905497,      -16.86940781,      -12.71118883
          0,           0,         559,      -14.52296059,      -14.47963795,      -14.20419175,      -16.81869349,      -12.68043353
          0,           0,         560,      -14.55566644,      -14.42865963,      -14.25476137,      -16.88562449,      -12.73350521
          0,           0,         561,      -14.55229759,      -14.53074561,      -14.23117873,      -16.87185347,      -12.72987481
          0,           0,         562,      -14.59539582,      -14.45905551,      -14.29587422,      -16.90065904,      -12.75488276
          0,           0,         563,      -14.58409342,       -14.5675985,      -14.26293109,      -16.94250032,      -12.79527511
          0,           0,         564,      -14.64112233,      -14.50303721,      -14.34167365,      -16.92612474,      -12.78262625
          0,           0,         565,      -14.62688935,      -14.59526331,      -14.30872997,      -17.00342437,      -12.84569562
          0,           0,         566,      -14.67003001,       -14.5506668,      -14.36512138,      -16.94205365,      -12.80545043
          0,           0,         567,      -14.66722331,      -14.60491517,      -14.35421537,      -17.04338674,      -12.88257891
          0,           0,         568,      -14.69685239,      -14.60985078,      -14.38510062,      -16.97207521,      -12.83701127
          0,           0,         569,      -14.70819534,      -14.61594034,      -14.40048423,      -17.07127984,      -12.91166516
          0,           0,         570,      -14.72217473,       -14.6669377,      -14.40506186,      -17.00986323,      -12.87346554
          0,           0,         571,      -14.74872429,      -14.63058768,      -14.44603338,      -17.08943961,      -12.93489186
          0,           0,         572,      -14.74963927,      -14.72078719,      -14.42916163,      -17.05612935,      -12.91609555
          0,           0,         573,      -14.78642588,      -14.65454332,      -14.48605549,      -17.10195023,      -12.95409774
          0,           0,         574,      -14.77851481,       -14.7618429,      -14.45700944,      -17.10800492,      -12.96243572
          0,           0,         575,      -14.82162059,      -14.68665561,      -14.52112729,      -17.11385549,      -12.97250243
          0,           0,         576,      -14.80999572,      -14.78903201,      -14.48970503,      -17.16675738,      -13.01511999
          0,           0,         577,      -14.85630162,      -14.72871908,      -14.55347704,       -17.1336357,      -12.99545931
          0,           0,         578,      -14.84733218,      -14.80534195,      -14.53070114,        -17.217838,      -13.05938593
          0,           0,         579,      -14.88274114,      -14.77769929,      -14.57444225,      -17.15375485,      -13.01952159
          0,           0,         580,      -14.88399897,      -14.81315141,      -14.57221993,       -17.2529456,      -13.09259081
          0,           0,         581,      -14.90703234,      -14.83132046,      -14.59309636,      -17.18401755,      -13.04966303
          0,           0,         582,      -14.92251046,       -14.8232682,      -14.61596049,      -17.27843707,      -13.12038591
          0,           0,         583,      -14.93242194,      -14.88581644,      -14.61404935,      -17.22405443,      -13.08729973
          0,           0,         584,       -14.9617813,      -14.83973266,      -14.65972754,      -17.29585513,       -13.1430669
          0,           0,         585,      -14.96015153,      -14.93580428,      -14.63920953,      -17.27173165,      -13.13048573
          0,           0,         586,       -14.9993146,      -14.86537796,      -14.69925915,      -17.30880586,      -13.16250848
          0,           0,         587,      -14.98976869,      -14.97372088,      -14.66837138,      -17.32533513,      -13.17855535
          0,           0,         588,      -15.03493896,      -14.89948816,      -14.73447605,      -17.32318553,      -13.18247263
          0,           0,         589,      -15.02348519,      -14.99938508,       -14.7038704,      -17.39100046,      -13.23873579
          0,           0,         590,      -15.07370333,      -14.94770622,      -14.77070328,      -17.35056258,       -13.2111502
          0,           0,         591,      -15.06602697,      -15.01631296,      -14.75084626,      -17.44441537,      -13.28459048
          0,           0,         592,      -15.10059837,       -15.0011467,      -14.79132789,      -17.37365323,      -13.23869634
          0,           0,         593,      -15.10613558,      -15.02484304,      -14.79640207,      -17.47533239,      -13.31483043
          0,           0,         594,      -15.12580829,      -15.05868298,      -14.81055524,      -17.40742199,      -13.27215783
          0,           0,         595,      -15.14687691,      -15.03816391,      -14.84232569,      -17.49723399,       -13.3402777
          0,           0,         596,      -15.15279152,      -15.11462585,      -14.83344044,      -17.45164031,      -13.31328485
          0,           0,         597,      -15.18672734,      -15.05841277,      -14.88593015,      -17.51243911,      -13.36179485
          0,           0,         598,      -15.18183317,      -15.16220154,      -14.86049987,      -17.50329307,      -13.36058192
          0,           0,         599,      -15.22430886,      -15.08851274,      -14.92443453,        -17.525758,      -13.38164164
          0,           0,         600,      -15.21336998,      -15.19604156,       -14.8923769,      -17.56652732,      -13.41760397
          0,           0,         601,      -15.26413986,      -15.13021149,      -14.96331006,      -17.54679818,       -13.4055075
          0,           0,         602,      -15.25212615,      -15.21868561,      -14.93415971,      -17.62239953,      -13.46515205
          0,           0,         603,      -15.29201446,      -15.17680271,      -14.98605286,      -17.56325924,      -13.42805828
          0,           0,         604,      -15.28948854,      -15.22785116,      -14.97621517,      -17.66201937,      -13.50183033
          0,           0,         605,      -15.31788018,      -15.23186596,       -15.0058552,      -17.59258324,      -13.45795638
          0,           0,         606,      -15.32894922,      -15.23776716,      -15.02101785,      -17.69086051,      -13.53149373
          0,           0,         607,      -15.34306261,      -15.28755569,      -15.02596896,      -17.63036819,      -13.49390412
          0,           0,         608,      -15.36898882,      -15.25194062,      -15.06603811,      -17.71016299,      -13.55530138
          0,           0,         609,      -15.37036251,      -15.34056871,      -15.04999218,      -17.67584109,      -13.53586209
          0,           0,         610,      -15.40725135,      -15.27561454,      -15.10694113,      -17.72376831,      -13.57577755
          0,           0,         611,      -15.39961222,      -15.38272108,      -15.07820156,       -17.7266261,      -13.58161704
          0,           0,         612,      -15.44244379,      -15.30647144,      -15.14235602,      -17.73605203,      -13.59474089
          0,           0,         613,      -15.43141464,      -15.41136531,      -15.11110196,      -17.78368663,      -13.63251069
          0,           0,         614,      -15.47633773,      -15.34768648,      -15.17381602,      -17.75431704,      -13.61696216
          0,           0,         615,      -15.46773885,      -15.42837122,      -15.15066191,      -17.83506476,      -13.67736476
          0,           0,         616,      -15.50419863,      -15.39591323,      -15.19657759,      -17.77483165,      -13.64032023
          0,           0,         617,      -15.50399655,      -15.43743668,      -15.19148428,      -17.87287482,      -13.71310405
          0,           0,         618,      -15.52891778,      -15.44910714,      -15.21581297,      -17.80391572,       -13.6700899
          0,           0,         619,       -15.5425184,      -15.44707964,      -15.23525672,      -17.90050401,      -13.74149846
          0,           0,         620,      -15.55380623,      -15.50299498,      -15.23602448,      -17.84296862,      -13.70662573
          0,           0,         621,      -15.58130362,      -15.46240999,      -15.27859274,      -17.91906786,      -13.76518369
          0,           0,         622,      -15.58086888,      -15.55371181,      -15.26019474,      -17.88753173,      -13.74692122
          0,           0,         623,      -15.61771728,      -15.48581373,      -15.31722963,      -17.93116385,      -13.78363154
          0,           0,         624,       -15.6093444,      -15.59279827,      -15.28790468,      -17.93816651,      -13.79308149
          0,           0,         625,      -15.65199273,      -15.51711305,      -15.35148573,      -17.94333291,      -13.80212257
          0,           0,         626,      -15.64129214,      -15.61963863,      -15.32121535,      -17.99124669,      -13.83852642
          0,           0,         627,      -15.68282751,      -15.55656296,      -15.37939795,      -17.95872763,      -13.82235299
          0,           0,         628,      -15.67506229,      -15.63440736,      -15.35824183,      -18.03940694,      -13.88186616
          0,           0,         629,      -15.70942205,      -15.60356195,      -15.40126023,       -17.9800941,      -13.84663535
          0,           0,         630,      -15.71044631,      -15.64254944,      -15.39818021,       -18.0783258,      -13.91886843
          0,           0,         631,       -15.7346315,      -15.65580593,      -15.42123936,      -18.00975764,      -13.87571736
          0,           0,         632,      -15.74858883,      -15.65256576,      -15.44137247,      -18.10563834,      -13.94729509
          0,           0,         633,      -15.75995495,      -15.71024012,      -15.44202386,      -18.04926645,      -13.91277497
          0,           0,         634,      -15.78653032,      -15.66829202,      -15.48362497,      -18.12359254,      -13.96995608
          0,           0,         635,      -15.78640762,      -15.75922735,      -15.46582718,      -18.09358697,      -13.95311949
          0,           0,         636,      -15.82299303,      -15.69102463,      -15.52249126,      -18.13640393,      -13.98855264
          0,           0,         637,       -15.8146187,      -15.79797603,      -15.49320481,      -18.14445162,       -13.9980327
          0,           0,         638,      -15.85759507,      -15.72205659,      -15.55730313,      -18.14674734,      -14.00711347
          0,           0,         639,      -15.84609629,      -15.82443351,      -15.52607391,      -18.19558871,       -14.0444427
          0,           0,         640,      -15.88842212,      -15.76183578,      -15.58510266,      -18.16436655,      -14.02780805
          0,           0,         641,      -15.87986905,      -15.83944824,       -15.5630192,      -18.24398409,      -14.08524331
          0,           0,         642,      -15.91508258,      -15.80812585,      -15.60716966,      -18.18475674,       -14.0499251
          0,           0,         643,      -15.91484626,      -15.84715268,      -15.60275748,      -18.28316966,      -14.12229119
          0,           0,         644,      -15.93899165,      -15.86001273,      -15.62597468,       -18.2121246,       -14.0816985
          0,           0,         645,       -15.9509788,      -15.85562596,      -15.64352373,      -18.30790861,      -14.14869245
          0,           0,         646,      -15.96205691,      -15.91130795,      -15.64436315,       -18.2519627,      -14.11454734
          0,           0,         647,      -15.98891054,      -15.87016836,       -15.6861021,      -18.32578787,      -14.17291381
          0,           0,         648,      -15.98806526,      -15.96062054,       -15.6675511,       -18.2948762,      -14.15628254
          0,           0,         649,      -16.02434459,      -15.89170596,      -15.72438751,      -18.33834109,      -14.18937012
